source_id	business_name	business_address
S1-001	Infosys Technologies Private Limited	Electronics City, Hosur Road, Bengaluru, Karnataka
S2-045	INFOSYS LTD.	Electronic City Phase 1, Bangalore
S3-102	Infosys Tech Pvt. Ltd.	Hosur Rd, Electronic City, Bangalore
S1-002	Tata Consultancy Services Limited	TCS House, Raveline Street, Fort, Mumbai
S2-088	TCS Ltd	Fort, Mumbai, Maharashtra
S3-214	Tata Consultancy Services	Raveline St, Mumbai
S2-330	T.C.S. Limited	Near CST Station, Fort, Mumbai
S1-003	Wipro Enterprises Private Limited	Doddakannelli, Sarjapur Road, Bangalore
S2-119	Wipro Ltd	Sarjapur Rd, Doddakannelli, Bengaluru
S3-405	Wipro Enterprises Pvt Ltd	Sarjapur Road, Bangalore, Karnataka
S1-004	Reliance Retail Ventures Limited	Maker Chambers IV, Nariman Point, Mumbai
S2-502	Reliance Retail Ltd.	Nariman Point, Mumbai, Maharashtra
S3-611	Reliance Retail Ventures	Maker Chamber 4, Nariman Pt, Mumbai
S1-005	HDFC Bank Limited	HDFC Bank House, Senapati Bapat Marg, Lower Parel, Mumbai
S2-708	HDFC Bank Ltd	Senapati Bapat Mrg, Lower Parel, Mumbai
S3-819	HDFC Bank	Lower Parel West, Mumbai
S1-006	State Bank of India	State Bank Bhavan, Madame Cama Road, Nariman Point, Mumbai
S2-901	SBI Corporate Centre	Madame Cama Rd, Nariman Point, Mumbai
S3-955	State Bank of India (SBI)	Nariman Point, Mumbai, Maharashtra
S2-999	State Bank of India Ltd	Madame Cama Road, Mumbai